{"fl_test_acc": [0.9269], "model_source_only_test_acc": [0.42673036329296743], "model_ft_test_acc": [0.7054771692034218], "model_target_only_test_acc": [0.8621264303966226], "model_random_test_acc": [0.13842906343739583]}