{"fl_test_acc": [0.9209, 0.9196, 0.8965, 0.8637, 0.897], "model_source_only_test_acc": [0.4390623264081769, 0.4452838573491834, 0.434729474502833, 0.3335184979446728, 0.37462504166203753], "model_ft_test_acc": [0.6812576380402178, 0.6848127985779358, 0.684368403510721, 0.6495944895011665, 0.6901455393845128], "model_target_only_test_acc": [0.0, 0.0, 0.0, 0.0, 0.0], "model_random_test_acc": [0.0, 0.0, 0.0, 0.0, 0.0]}