{"fl_test_acc": [0.8826, 0.883, 0.8818, 0.8781, 0.8832], "model_source_only_test_acc": [0.4019553382957449, 0.40239973336295964, 0.40251083212976335, 0.39251194311743137, 0.39973336295967116], "model_ft_test_acc": [0.6794800577713588, 0.6709254527274747, 0.684368403510721, 0.6761470947672481, 0.6764803910676591], "model_target_only_test_acc": [0.0, 0.0, 0.0, 0.0, 0.0], "model_random_test_acc": [0.0, 0.0, 0.0, 0.0, 0.0]}