{"fl_test_acc": [0.1569, 0.1487, 0.1565, 0.1532, 0.1446], "model_source_only_test_acc": [0.1775358293522942, 0.14609487834685034, 0.14331740917675814, 0.15731585379402288, 0.11976447061437619], "model_ft_test_acc": [0.4726141539828908, 0.36340406621486504, 0.43639595600488834, 0.42273080768803467, 0.3945117209198978], "model_target_only_test_acc": [0.0, 0.0, 0.0, 0.0, 0.0], "model_random_test_acc": [0.0, 0.0, 0.0, 0.0, 0.0]}