{"fl_test_acc": [0.7763, 0.7774, 0.7811, 0.7778, 0.781], "model_source_only_test_acc": [0.35629374513942896, 0.3565159426730363, 0.3631818686812576, 0.3578491278746806, 0.361626485946006], "model_ft_test_acc": [0.6508165759360071, 0.655149427841351, 0.6527052549716699, 0.6444839462281968, 0.6530385512720809], "model_target_only_test_acc": [0.0, 0.0, 0.0, 0.0, 0.0], "model_random_test_acc": [0.0, 0.0, 0.0, 0.0, 0.0]}