{"fl_test_acc": [0.6397, 0.5844, 0.6536, 0.5726, 0.4304], "model_source_only_test_acc": [0.28985668259082326, 0.2647483612931896, 0.28596822575269415, 0.28030218864570605, 0.2507499166759249], "model_ft_test_acc": [0.554938340184424, 0.5781579824463948, 0.5717142539717809, 0.5419397844683924, 0.5778246861459838], "model_target_only_test_acc": [0.0, 0.0, 0.0, 0.0, 0.0], "model_random_test_acc": [0.0, 0.0, 0.0, 0.0, 0.0]}