{"fl_test_acc": [0.886, 0.8855, 0.884, 0.8852, 0.8862], "model_source_only_test_acc": [0.3984001777580269, 0.3994000666592601, 0.4003999555604933, 0.3982890789912232, 0.39917786912565273], "model_ft_test_acc": [0.6881457615820464, 0.6794800577713588, 0.6842573047439173, 0.6855904899455616, 0.6853682924119542], "model_target_only_test_acc": [0.0, 0.0, 0.0, 0.0, 0.0], "model_random_test_acc": [0.0, 0.0, 0.0, 0.0, 0.0]}