{"fl_test_acc": [0.1622, 0.161, 0.1645, 0.1641, 0.1625], "model_source_only_test_acc": [0.12043106321519831, 0.11943117431396512, 0.12143095211643151, 0.12120875458282412, 0.12043106321519831], "model_ft_test_acc": [0.404066214865015, 0.41684257304743916, 0.3975113876235974, 0.3982890789912232, 0.3934007332518609], "model_target_only_test_acc": [0.0, 0.0, 0.0, 0.0, 0.0], "model_random_test_acc": [0.0, 0.0, 0.0, 0.0, 0.0]}