{"fl_test_acc": [0.823, 0.8227, 0.8235, 0.8215, 0.8222], "model_source_only_test_acc": [0.3678480168870126, 0.3679591156538162, 0.36862570825463836, 0.36895900455504943, 0.36862570825463836], "model_ft_test_acc": [0.6721475391623153, 0.6762581935340518, 0.6697033662926342, 0.6719253416287079, 0.6731474280635485], "model_target_only_test_acc": [0.0, 0.0, 0.0, 0.0, 0.0], "model_random_test_acc": [0.0, 0.0, 0.0, 0.0, 0.0]}