{"fl_test_acc": [0.6566, 0.6402, 0.6502, 0.6524, 0.6621], "model_source_only_test_acc": [0.2904121764248417, 0.2904121764248417, 0.2886345961559827, 0.2881902010887679, 0.28696811465392735], "model_ft_test_acc": [0.6070436618153539, 0.6018220197755805, 0.6088212420842128, 0.6021553160759916, 0.6123764026219309], "model_target_only_test_acc": [0.0, 0.0, 0.0, 0.0, 0.0], "model_random_test_acc": [0.0, 0.0, 0.0, 0.0, 0.0]}