{"fl_test_acc": [0.8044, 0.8038, 0.8012, 0.8012, 0.8019], "model_source_only_test_acc": [0.35473836240417733, 0.35529385623819576, 0.3546272636373736, 0.3545161648705699, 0.3535162759693367], "model_ft_test_acc": [0.6434840573269637, 0.6485946005999333, 0.6427063659593378, 0.6432618597933563, 0.6468170203310744], "model_target_only_test_acc": [0.0, 0.0, 0.0, 0.0, 0.0], "model_random_test_acc": [0.0, 0.0, 0.0, 0.0, 0.0]}