{"fl_test_acc": [0.1135, 0.1135, 0.1135, 0.1135, 0.1135], "model_source_only_test_acc": [0.1128763470725475, 0.1128763470725475, 0.1128763470725475, 0.1128763470725475, 0.1128763470725475], "model_ft_test_acc": [0.4378402399733363, 0.44106210421064324, 0.44606154871680925, 0.441506499277858, 0.42639706699255636], "model_target_only_test_acc": [0.8129096767025886, 0.8024663926230419, 0.8193534051772026, 0.8341295411620931, 0.8225752694145095], "model_random_test_acc": [0.4299522275302744, 0.3797355849350072, 0.43350738806799244, 0.4657260304410621, 0.4256193756249306]}