{"fl_test_acc": [0.6531, 0.6495, 0.6459, 0.6595, 0.663], "model_source_only_test_acc": [0.27552494167314745, 0.26785912676369295, 0.26641484279524497, 0.2689701144317298, 0.2665259415620487], "model_ft_test_acc": [0.619486723697367, 0.6189312298633485, 0.6279302299744473, 0.6239306743695145, 0.6271525386068215], "model_target_only_test_acc": [0.0, 0.0, 0.0, 0.0, 0.0], "model_random_test_acc": [0.0, 0.0, 0.0, 0.0, 0.0]}