{"fl_test_acc": [0.0, 0.0, 0.0, 0.0, 0.0], "model_source_only_test_acc": [0.0, 0.0, 0.0, 0.0, 0.0], "model_ft_test_acc": [0.0, 0.0, 0.0, 0.0, 0.0], "model_target_only_test_acc": [0.0, 0.0, 0.0, 0.0, 0.0], "model_random_test_acc": [0.6113245236631838, 0.6339505224339275, 0.6064459127228027, 0.5469422249539029, 0.6088660110633067]}