{"fl_test_acc": [0.304, 0.3228, 0.3144, 0.2964, 0.331], "model_source_only_test_acc": [0.1823130763248528, 0.17886901455393844, 0.1852016442617487, 0.17864681702033108, 0.18831240973225197], "model_ft_test_acc": [0.5678257971336518, 0.5566048216864793, 0.5589378957893567, 0.5510498833462949, 0.5521608710143318], "model_target_only_test_acc": [0.0, 0.0, 0.0, 0.0, 0.0], "model_random_test_acc": [0.0, 0.0, 0.0, 0.0, 0.0]}