{"fl_test_acc": [0.3447, 0.3515, 0.3498, 0.3466, 0.3584], "model_source_only_test_acc": [0.12909676702588602, 0.12965226085990444, 0.1282079768914565, 0.1280968781246528, 0.12865237195867127], "model_ft_test_acc": [0.5123875124986113, 0.5000555493834018, 0.5122764137318075, 0.5161648705699367, 0.5108321297633597], "model_target_only_test_acc": [0.0, 0.0, 0.0, 0.0, 0.0], "model_random_test_acc": [0.0, 0.0, 0.0, 0.0, 0.0]}