{"fl_test_acc": [0.7779, 0.7773, 0.7789, 0.7709, 0.7755], "model_source_only_test_acc": [0.36484835018331296, 0.3691812020886568, 0.36484835018331296, 0.36584823908454617, 0.36907010332185314], "model_ft_test_acc": [0.6628152427508055, 0.660482168647928, 0.6603710698811244, 0.6657038106877013, 0.6671480946561493], "model_target_only_test_acc": [0.0, 0.0, 0.0, 0.0, 0.0], "model_random_test_acc": [0.0, 0.0, 0.0, 0.0, 0.0]}