{"fl_test_acc": [0.7446, 0.8179, 0.8332, 0.7729, 0.8], "model_source_only_test_acc": [0.3459615598266859, 0.39006777024775025, 0.4079546717031441, 0.3646261526497056, 0.2967448061326519], "model_ft_test_acc": [0.6350405510498833, 0.6607043661815354, 0.6609265637151428, 0.6339295633818465, 0.6712587490278857], "model_target_only_test_acc": [0.0, 0.0, 0.0, 0.0, 0.0], "model_random_test_acc": [0.0, 0.0, 0.0, 0.0, 0.0]}