{"fl_test_acc": [0.151, 0.1516, 0.1518, 0.1321, 0.154], "model_source_only_test_acc": [0.18664592823019666, 0.18209087879124541, 0.19231196533718475, 0.17798022441950895, 0.18531274302855238], "model_ft_test_acc": [0.5564937229196756, 0.5554938340184424, 0.5618264637262527, 0.569158982335296, 0.5678257971336518], "model_target_only_test_acc": [0.0, 0.0, 0.0, 0.0, 0.0], "model_random_test_acc": [0.0, 0.0, 0.0, 0.0, 0.0]}