{"fl_test_acc": [0.9231], "model_source_only_test_acc": [0.42861904232863013], "model_ft_test_acc": [0.7081435396067104], "model_target_only_test_acc": [0.8649038995667148], "model_random_test_acc": [0.13698477946894788]}