{"fl_test_acc": [0.7642, 0.7992, 0.8481, 0.7228, 0.7912], "model_source_only_test_acc": [0.3831796467059216, 0.3711809798911232, 0.41150983224086213, 0.3115209421175425, 0.40439951116542605], "model_ft_test_acc": [0.6592600822130874, 0.6710365514942784, 0.6565937118097989, 0.6339295633818465, 0.6418175758249084], "model_target_only_test_acc": [0.0, 0.0, 0.0, 0.0, 0.0], "model_random_test_acc": [0.0, 0.0, 0.0, 0.0, 0.0]}