{"fl_test_acc": [0.0, 0.0, 0.0, 0.0, 0.0], "model_source_only_test_acc": [0.0, 0.0, 0.0, 0.0, 0.0], "model_ft_test_acc": [0.0, 0.0, 0.0, 0.0, 0.0], "model_target_only_test_acc": [0.0, 0.0, 0.0, 0.0, 0.0], "model_random_test_acc": [0.1958743085433313, 0.1958743085433313, 0.1958743085433313, 0.1958743085433313, 0.1958743085433313]}