{"fl_test_acc": [0.0, 0.0, 0.0, 0.0, 0.0], "model_source_only_test_acc": [0.0, 0.0, 0.0, 0.0, 0.0], "model_ft_test_acc": [0.0, 0.0, 0.0, 0.0, 0.0], "model_target_only_test_acc": [0.0, 0.0, 0.0, 0.0, 0.0], "model_random_test_acc": [0.5369545175169023, 0.5786339889366933, 0.5560464044253227, 0.47322526121696373, 0.5623847572218807]}