{"fl_test_acc": [0.787, 0.7874, 0.7849, 0.788, 0.7889], "model_source_only_test_acc": [0.34962781913120766, 0.35129430063326295, 0.351627596933674, 0.3556271525386068, 0.351627596933674], "model_ft_test_acc": [0.6442617486945895, 0.645150538829019, 0.6402621930896567, 0.6417064770581047, 0.64337295856016], "model_target_only_test_acc": [0.0, 0.0, 0.0, 0.0, 0.0], "model_random_test_acc": [0.0, 0.0, 0.0, 0.0, 0.0]}